{
	"partitions" : [
		{
			"name" : "Top",
			"pins" : [
				{
					"name" : "Leds[0]",
					"strict" : false
				},
				{
					"name" : "Leds[1]",
					"strict" : false
				},
				{
					"name" : "Leds[2]",
					"strict" : false
				},
				{
					"name" : "Leds[3]",
					"strict" : false
				},
				{
					"name" : "Leds[4]",
					"strict" : false
				},
				{
					"name" : "Leds[5]",
					"strict" : false
				},
				{
					"name" : "Leds[6]",
					"strict" : false
				},
				{
					"name" : "Leds[7]",
					"strict" : false
				},
				{
					"name" : "RESET_N",
					"strict" : false
				},
				{
					"name" : "CLK",
					"strict" : false
				}
			]
		}
	]
}